model,served,busy_time,util
deepseek-ai/DeepSeek-Coder-1.3B-Instruct,29004,16104.649635243266,0.18509173817114377
qwen/Qwen2.5-1.5B-Instruct,29003,16175.103295661038,0.18590146646468625
qwen/Qwen2.5-3B-Instruct,29002,16210.45875486033,0.18630780895243063
