{"W": [[9.571541331508291, -7.989512401772006, -7.978242283741323, -3.121497153854391, -4.300716552827991], [9.569646936868617, -7.987927053182693, -7.97839120678147, -3.1216690682879067, -4.300863667097327], [9.56969146820005, -7.989598397261936, -7.976621900429839, -3.121567432994697, -4.30080396648543], [9.569716100239663, -7.9895916060490215, -7.97832471495692, -3.1198197958703706, -4.300788259019954], [9.569704889736068, -7.989590773786544, -7.978352445770927, -3.12156471983832, -4.299039431755063]], "b": 20.594645976553327}